Metric,Value
RMSE,9.292739855223124
6-fold CV,0.02531859190455264
R2,0.9844456072025649
MAE,6.0105121991787795
MAPE,0.01341103833198057
