Metric,Value
RMSE,10.494532416438053
6-fold CV,0.026625102710860393
R2,0.9787579760589262
MAE,7.591599232792972
MAPE,0.018221783022387753
