Metric,Value
RMSE,9.856978782412126
6-fold CV,0.02411073524463651
R2,0.9824993916197274
MAE,6.102140263786097
MAPE,0.013622751976941743
