Metric,Value
RMSE,91.66354395539238
6-fold CV,20.029237180081676
R2,-0.3086873455564991
MAE,71.61970305092129
MAPE,0.14997421789507517
