Metric,Value
RMSE,84.83336719365933
6-fold CV,8.974678598150863
R2,-0.08291951768949901
MAE,63.02003983510506
MAPE,0.12999255402047155
