Metric,Value
RMSE,89.77398713960176
6-fold CV,19.844716689801945
R2,-0.255288766919588
MAE,70.0623996342235
MAPE,0.1466887861376979
