Metric,Value
RMSE,91.66354395539244
6-fold CV,20.02923718008168
R2,-0.3086873455565011
MAE,71.61970305092133
MAPE,0.14997421789507528
