Metric,Value
RMSE,2.7404528166517546
6-fold CV,2.647474945737138
R2,0.9988699245802014
MAE,2.073549395051955
MAPE,0.004978782041195496
