Metric,Value
RMSE,2.7047707867281705
6-fold CV,2.4136492814429227
R2,0.9988991612593733
MAE,2.0340839613247366
MAPE,0.004876836746261946
