Metric,Value
RMSE,4.008118309734695
6-fold CV,0.027154645874270477
R2,0.9975089109842684
MAE,3.190760824684692
MAPE,0.007780591200045828
