Metric,Value
RMSE,3.985878322273691
6-fold CV,0.027383363579345833
R2,0.9975364790744672
MAE,3.1627315953050488
MAPE,0.007719337115491701
